rank,id,title,subreddit,trending_score,score,num_comments,upvote_ratio,created_iso,created_utc,url,author,is_self,stickied,over_18
1,1nb4zud,Grandmother charged after 11-year-old girl gives birth at family's Oklahoma home,news,77.05585763944842,31330,2445,0.96,2025-09-07T21:11:40+00:00,1757279500.0,https://www.nbcnews.com/news/us-news/grandmother-charged-11-year-old-girl-gives-birth-familys-oklahoma-home-rcna229033,Warcraft_Fan,False,False,False
2,1ncl51j,Nepal ex-PM’s wife burned alive during Nepal Gen-z protest,worldnews,72.75953608244913,29001,2088,0.95,2025-09-09T14:55:18+00:00,1757429718.0,https://www.livemint.com/news/world/nepal-protest-ex-nepal-pm-jhalanath-khanal-wife-rajyalaxmi-chitrakar-dies-after-gen-z-protesters-set-house-on-fire-11757424323025.html,Hour_Condition720,False,False,False
3,1nciini,Ghislaine Maxwell’s Lawyer ‘Admitted’ to Secret Deal With Trump Live on CNN,politics,71.38850130896792,43439,984,0.97,2025-09-09T13:11:01+00:00,1757423461.0,https://www.thedailybeast.com/ghislaine-maxwells-lawyer-admitted-to-secret-deal-with-donald-trump-live-on-cnn/,thedailybeast,False,False,False
4,1nbu4fg,Missouri grandmother held by ICE over $25 bad check from 10 years ago: “This is wrong”,news,68.51621514616247,37540,1420,0.93,2025-09-08T17:30:32+00:00,1757352632.0,https://www.kcbd.com/2025/09/08/grandmother-held-by-ice-over-25-bad-check-10-years-ago-this-is-wrong/,Romano16,False,False,False
5,1ncuh2y,New Mexico will be the first state to make child care free,news,66.95538439045902,36382,967,0.97,2025-09-09T20:40:25+00:00,1757450425.0,https://19thnews.org/2025/09/new-mexico-first-state-free-child-care/,everydave42,False,False,False
6,1ncgknd,Trump and Johnson likely doomed in effort to stop Epstein files vote,politics,57.71553340035408,30736,998,0.96,2025-09-09T11:42:37+00:00,1757418157.0,https://www.axios.com/2025/09/09/trump-johnson-epstein-massie-walkinshaw-grijalva,Disconfirm,False,False,False
7,1ncel4h,"US high school students lose ground in math and reading, continuing yearslong decline",news,55.124561534300874,18612,1742,0.97,2025-09-09T09:50:04+00:00,1757411404.0,https://apnews.com/article/naep-reading-math-scores-12th-grade-c18d6e3fbc125f12948cc70cb85a520a,ZwVJHSPiMiaiAAvtAbKq,False,False,False
8,1ncehw0,"Zelensky shares tragic update after ""savage"" Russian strike",worldnews,54.4909364986928,28443,1017,0.93,2025-09-09T09:44:22+00:00,1757411062.0,https://www.newsweek.com/russia-ukraine-strike-zelensky-update-war-2126821?utm_source=reddit&utm_campaign=reddit_influencers,Newsweek_ShaneC,False,False,False
9,1ncyntv,Democratic Sen. Ruben Gallego seeks to block Ashli Babbitt from military funeral honors,politics,48.54600490902931,23597,516,0.98,2025-09-09T23:31:56+00:00,1757460716.0,https://www.cbsnews.com/news/democratic-senator-ruben-gallego-block-ashli-babbitt-military-funeral-honors/,justalazygamer,False,False,False
10,1nct2zc,Here’s the Name of Every Republican Who Voted to Kill Epstein Bill,politics,48.491585942901224,24540,552,0.98,2025-09-09T19:49:13+00:00,1757447353.0,https://newrepublic.com/post/200213/list-house-republicans-voted-kill-epstein-bill,Rock-n-roll-Kevin,False,False,False
11,1nbb8qc,Woman stabbed to death on Charlotte train; suspect arrested after random attack,news,47.28291289324649,14598,1576,0.96,2025-09-08T01:51:55+00:00,1757296315.0,https://abc11.com/post/iryna-zarutska-woman-stabbed-death-charlotte-train-suspect-arrested-random-attack/17764197/,RightNet9422,False,False,False
12,1nc1j6c,West Point cancels ceremony to honor Tom Hanks as ‘outstanding US citizen’,news,45.27321454136071,20921,992,0.94,2025-09-08T22:12:06+00:00,1757369526.0,https://www.theguardian.com/us-news/2025/sep/06/west-point-cancels-tom-hanks-ceremony,Face2FaceRecs,False,False,False
13,1ncit5m,Explosion heard in Qatar's capital as Israel says it carries out strike on Hamas leadership,news,44.71730286184089,12582,1348,0.97,2025-09-09T13:23:07+00:00,1757424187.0,https://apnews.com/article/qatar-explosion-doha-e319dd51b170161372442831a8023db5,creepynl_bart,False,False,False
14,1ncnzch,Amy Coney Barrett Gives Least Reassuring Answer on Trump Third Term,politics,44.63971271888165,11710,1309,0.97,2025-09-09T16:42:25+00:00,1757436145.0,https://newrepublic.com/post/200183/amy-coney-barett-trump-third-term,Delicious_Adeptness9,False,False,False
15,1ncg8xr,Donald Trump's Mass Deportation Agenda Has A Surprising Stakeholder: Bill Gates,technology,43.287606606979665,16726,1089,0.85,2025-09-09T11:25:45+00:00,1757417145.0,https://www.huffpost.com/entry/bill-gates-trump-ice-signature-aviation_n_68acd96fe4b0d17ae21e7ec4,zsreport,False,False,False
16,1ncs2s3,"Suspect in Charlotte train stabbing facing federal charges, possible death penalty: DOJ",news,36.3992391926967,7419,971,0.97,2025-09-09T19:12:38+00:00,1757445158.0,https://abcnews.go.com/US/charlotte-increases-security-train-ukrainian-woman-killed/story?id=125397170,NewSlinger,False,False,False
17,1ncyaz9,Ukraine's air force warns that Russian drones entered Poland's airspace,worldnews,35.8012610355888,11980,481,0.97,2025-09-09T23:16:12+00:00,1757459772.0,https://www.reuters.com/business/aerospace-defense/ukraines-air-force-warns-that-russian-drones-entered-polands-airspace-2025-09-09/,MassDefect36,False,False,False
18,1ncihem,Reports: Series of explosions in Doha,worldnews,35.23536286711439,6905,1110,0.96,2025-09-09T13:09:35+00:00,1757423375.0,https://www.israelhayom.com/2025/09/09/reports-series-of-explosions-in-doha/,Joshgoozen,False,False,False
19,1nd0rdi,"Polish and NATO jets scrambled, Warsaw airport shut after Ukrainian reports of Russian drones over Poland",worldnews,34.831873774161984,9283,547,0.98,2025-09-10T01:08:29+00:00,1757466509.0,https://www.cnn.com/2025/09/09/europe/poland-scramble-jets-russian-drone-reports-intl-hnk-ml,MassDefect36,False,False,False
20,1nd15qv,RFK Jr. Comes Up With New Possible Cause for Mass Shootings: Video Games,politics,34.76713799378901,2821,1015,0.96,2025-09-10T01:27:13+00:00,1757467633.0,https://www.thedailybeast.com/rfk-jr-comes-up-with-new-possible-cause-for-mass-shootings-video-games/,Silly-avocatoe,False,False,False
21,1nclz5f,Microsoft Is Officially Sending Employees Back to the Office,technology,34.18996965484988,8014,904,0.94,2025-09-09T15:27:03+00:00,1757431623.0,https://www.businessinsider.com/microsoft-send-employees-back-to-office-rto-remote-work-2025-9,McFatty7,False,False,False
22,1nbs7fz,Supreme Court lifts restrictions on LA immigration stops set after agents swept up US citizens,news,33.198945351333236,10496,882,0.97,2025-09-08T16:20:28+00:00,1757348428.0,https://apnews.com/article/supreme-court-immigration-stops-los-angeles-trump-57cc1f85ceafda0f11052b326c8b7173,NeighbourNoNeighbor,False,False,False
23,1nd2j15,"Poland shoots down drones over its territory amid Russian attack on Ukraine, says military",worldnews,32.24766165314994,8241,394,0.99,2025-09-10T02:32:47+00:00,1757471567.0,https://www.theguardian.com/world/2025/sep/10/poland-shoots-down-drones-over-its-territory-amid-russian-attack-on-ukraine-says-military,VictorEmmanuelIV,False,False,False
24,1nchex0,"Epstein birthday book includes joke about selling ‘fully depreciated’ woman to Trump for $22,500",politics,30.700671936797647,12059,422,0.99,2025-09-09T12:22:45+00:00,1757420565.0,https://www.independent.co.uk/news/world/americas/us-politics/trump-epstein-birthday-book-photo-b2822978.html,theindependentonline,False,False,False
25,1ncun7v,Supreme Court to hear Donald Trump's tariff case at record speed,politics,30.693771202541093,6518,585,0.98,2025-09-09T20:46:44+00:00,1757450804.0,https://www.newsweek.com/supreme-court-donald-trump-tariffs-update-ruling-case-2127269?utm_source=reddit&utm_campaign=reddit_main,newsweek,False,False,False
26,1nbqgt5,Appeals court upholds E. Jean Carroll's $83 million judgment against Trump,news,30.03085020006194,14513,363,0.98,2025-09-08T15:15:15+00:00,1757344515.0,https://www.nbcnews.com/politics/donald-trump/appeals-court-upholds-e-jean-carrolls-83-million-judgment-trump-rcna212907,cwood1973,False,False,False
27,1nd53ee,RFK Jr. Comes Up With New Possible Cause for Mass Shootings: Video Games,technology,29.9589792728988,2374,622,0.95,2025-09-10T04:46:02+00:00,1757479562.0,https://www.thedailybeast.com/rfk-jr-comes-up-with-new-possible-cause-for-mass-shootings-video-games/,rezwenn,False,False,False
28,1ncrfs5,"13-year-old boy with 'school shooter ideations' found with collection of guns, 'mass shooting' writings: Sheriff",news,28.744428848640744,7328,454,0.97,2025-09-09T18:49:38+00:00,1757443778.0,https://abcnews.go.com/US/boy-school-shooter-ideations-guns-collection/story?id=125369659,kinisonkhan,False,False,False
29,1ncy2bp,Texas A&M removes staff over gender-ID content in children’s lit class,news,28.387417109846226,4187,539,0.96,2025-09-09T23:05:58+00:00,1757459158.0,https://www.nbcdfw.com/news/local/texas-news/tamu-dean-department-head-fired-over-gender-identity-content-in-childrens-lit-class/3916296/,June_Fatality,False,False,False
30,1ncxxi8,House Republicans ‘so goddamn sick of being asked’ about Trump’s Epstein card,politics,28.179005228176624,4714,475,0.98,2025-09-09T23:00:28+00:00,1757458828.0,https://www.independent.co.uk/news/world/americas/us-politics/republicans-response-to-the-epstein-birthday-card-i-am-so-goddamn-sick-of-being-asked-b2823432.html,WingComplex6771,False,False,False
31,1ncp6as,Donald ❤️ Jeffrey: The NSFW version of the Epstein book proves that Trump knew exactly who and what his buddy was.,politics,27.542085807353985,9888,211,0.99,2025-09-09T17:26:43+00:00,1757438803.0,https://www.thebulwark.com/p/donald-trump-hearts-jeffrey-epstein,OkayButFoRealz,False,False,False
32,1ncvn03,Leavitt Says Epstein Files Aren’t Fake—Just the Ones About Trump,politics,27.504399584935456,7020,307,0.98,2025-09-09T21:25:38+00:00,1757453138.0,https://newrepublic.com/post/200230/karoline-leavitt-epstein-files-hoax-trump,WingComplex6771,False,False,False
33,1nclmwz,Michigan judge dismisses charges against fake electors who signed papers saying Trump won the state in 2020,politics,27.493740271545043,6778,511,0.97,2025-09-09T15:14:05+00:00,1757430845.0,https://www.cnn.com/2025/09/09/politics/michigan-fake-electors-2020-republicans,GeneReddit123,False,False,False
34,1nckduc,"US economy added 911,000 fewer jobs than previously reported",politics,26.66827508069905,5169,579,0.99,2025-09-09T14:26:16+00:00,1757427976.0,https://abcnews.go.com/Business/us-economy-added-911000-fewer-jobs-previously-reported/story?id=125394153,YesterShill,False,False,False
35,1ncz3hg,First two Brazilian judges vote to convict Jair Bolsonaro in coup plot trial,news,26.53026384958522,7466,136,0.98,2025-09-09T23:51:19+00:00,1757461879.0,https://www.theguardian.com/world/2025/sep/09/brazil-jair-bolsonaro-trial,AugustoPius,False,False,False
36,1ncwvqo,Qatar denies White House claim Trump sent warning before Israel’s attack,worldnews,26.238291972734967,6301,253,0.97,2025-09-09T22:16:17+00:00,1757456177.0,https://www.aljazeera.com/news/2025/9/9/white-house-says-trump-notified-qatar-ahead-of-israeli-strike-on-hamas,AndroidOne1,False,False,False
37,1ncidgv,Supreme Court allows Trump to fire FTC commissioner,news,25.09082225760848,5104,527,0.97,2025-09-09T13:04:48+00:00,1757423088.0,https://www.nbcnews.com/news/rcna229385,Gloomy_Course7396,False,False,False
38,1nb294p,Pope Leo XIV declares teen computer whiz Carlo Acutis the first millennial saint,news,25.044671212542557,5332,721,0.92,2025-09-07T19:23:25+00:00,1757273005.0,https://abcnews.go.com/International/wireStory/pope-leo-xiv-declares-15-year-computer-whiz-125335385,NewSlinger,False,False,False
39,1nbwgxm,Trump's Epstein letter and drawing from 'birthday book' released,news,25.035102078362858,9428,382,0.98,2025-09-08T18:57:04+00:00,1757357824.0,https://www.cnbc.com/2025/09/08/trump-epstein-birthday-book-oversight.html,SoulardSTL,False,False,False
40,1ncyxk5,Democrat James Walkinshaw wins US House special election in Virginia,politics,25.00626098978,5893,140,0.99,2025-09-09T23:43:52+00:00,1757461432.0,https://apnews.com/article/virginia-election-walkinshaw-whitson-bea9a80e1fe94635918f8e31392f938e,Rock-n-roll-Kevin,False,False,False
41,1ncqmh0,"Apple announces $799 iPhone 17 with bigger 6.3-inch always-on ProMotion screen, A19 chip | This is the first time the regular iPhone has gotten the high-refresh screen.",technology,24.80480452162544,1679,658,0.89,2025-09-09T18:19:42+00:00,1757441982.0,https://arstechnica.com/gadgets/2025/09/apple-announces-iphone-17-with-bigger-6-3-inch-always-on-promotion-screen-a19-chip/,ControlCAD,False,False,False
42,1ncmqme,"Friend of Michael Brown who helped spark ‘hands up, don’t shoot’ chant dies after being shot in Ferguson",news,24.590278824183315,5809,379,0.94,2025-09-09T15:55:50+00:00,1757433350.0,https://www.cnn.com/2025/09/08/us/dorian-johnson-fatally-shot-ferguson-michael-brown,NewSlinger,False,False,False
43,1ncf9mm,DHS Claims Videotaping ICE Raids Is ‘Violence’,politics,24.55725516868337,7124,411,0.98,2025-09-09T10:31:21+00:00,1757413881.0,https://prospect.org/justice/2025-09-09-dhs-claims-videotaping-ice-raids-is-violence/,Smithy2232,False,False,False
44,1nc76mz,Founder of a California-based porn empire sentenced to 27 years in federal prison,news,23.538462666143356,7624,408,0.98,2025-09-09T02:26:30+00:00,1757384790.0,https://apnews.com/article/porn-site-sex-trafficking-guilty-d4d4f3069e15ad3ea7ada372986aec10,ZwVJHSPiMiaiAAvtAbKq,False,False,False
45,1ncj6lo,Trump Silent on Other Mentions of Him in Gross Epstein Birthday Book,politics,23.511732477940647,6739,268,0.99,2025-09-09T13:38:36+00:00,1757425116.0,https://newrepublic.com/post/200175/trump-mentions-epstein-birthday-book,Aggravating_Money992,False,False,False
46,1ncsimp,Handwriting expert says 'Donald Trump signature' in Epstein birthday book is 'absolutely' his - despite his denials,politics,23.254678604870037,5788,149,0.99,2025-09-09T19:28:45+00:00,1757446125.0,https://news.sky.com/story/handwriting-expert-says-donald-trump-signature-on-epstein-birthday-book-is-absolutely-his-despite-his-denials-13427738,ChiGuy6124,False,False,False
47,1ncw4r5,Michigan judge tosses case against 15 accused fake electors for President Donald Trump in 2020,news,23.153691514774554,4151,201,0.98,2025-09-09T21:45:37+00:00,1757454337.0,https://apnews.com/article/michigan-fake-electors-donald-trump-2020-60022827cd726924b19a7b152bbe27b1,N0r3m0rse,False,False,False
48,1nd0ta7,"Polish and NATO jets scrambled, Warsaw airport shut after Ukrainian reports of Russian drones over Poland",news,23.109746881101696,3298,160,0.98,2025-09-10T01:11:03+00:00,1757466663.0,https://www.cnn.com/2025/09/09/europe/poland-scramble-jets-russian-drone-reports-intl-hnk-ml,The_Salty,False,False,False
49,1ncoicn,Democratic voters want their leaders to stop running from Zohran Mamdani,politics,22.64922055034075,2968,396,0.97,2025-09-09T17:01:53+00:00,1757437313.0,https://www.motherjones.com/politics/2025/09/zohran-mamdani-new-york-city-mayor-bernie-sanders-fight-oligarchy/,Somervilledrew,False,False,False
50,1ncxcfg,Moderna CEO Responds to RFK Jr.’s Crusade Against the Covid-19 Vaccine,technology,22.611716012777926,3898,164,0.97,2025-09-09T22:35:59+00:00,1757457359.0,https://www.wired.com/story/moderna-ceo-responds-to-rfk-jrs-crusade-against-the-covid-19-vaccine/,DonkeyFuel,False,False,False
51,1ncu07y,Trump aide Scott Bessent says US ‘willing to take strong measures’ against Russia: ‘Business as usual has not worked’ |,worldnews,22.540122281061073,1501,425,0.93,2025-09-09T20:22:50+00:00,1757449370.0,https://www.livemint.com/news/us-news/trump-aide-scott-bessent-says-us-willing-to-take-strong-measures-against-russia-business-as-usual-has-not-worked-11757435479818.html,Comrade313,False,False,False
52,1ncpiyp,MAGA Finally Gets Some New Epstein Files. They’re Not Happy,politics,22.309228723482146,4611,221,0.99,2025-09-09T17:39:46+00:00,1757439586.0,https://www.rollingstone.com/politics/politics-news/maga-new-epstein-files-not-happy-1235423994/,rollingstone,False,False,False
53,1ncjlt7,"Photo of novelty check suggests Epstein ‘sold’ Trump a woman for $22,500",politics,22.17223426954091,5634,246,0.99,2025-09-09T13:55:54+00:00,1757426154.0,https://www.theguardian.com/us-news/2025/sep/09/trump-epstein-photo-check-woman,madding_crowd_,False,False,False
54,1ncc9di,Trump's Policies Are Shutting Out Americans From the Coolest New Gadgets,technology,22.13329915032602,6504,410,0.94,2025-09-09T07:14:27+00:00,1757402067.0,https://gizmodo.com/trumps-policies-are-shutting-out-americans-from-the-coolest-new-gadgets-2000655535,dapperlemon,False,False,False
55,1nd10hv,Trump presses European Union to impose 100% tariffs on India and China to squeeze Putin,worldnews,22.02200251543623,1507,244,0.93,2025-09-10T01:20:26+00:00,1757467226.0,https://www.cnbc.com/2025/09/10/trump-presses-european-union-to-impose-100percent-tariffs-on-india-and-china-to-squeeze-putin.html,CorgiWranglerPE,False,False,False
56,1ncknjn,Polish President Nawrocki: Putin is ready to attack other countries | Yle News,worldnews,21.907803008459798,4469,313,0.96,2025-09-09T14:36:42+00:00,1757428602.0,https://yle.fi/a/74-20181911,parandroidfinn,False,False,False
57,1nd66tz,"Suspect in stabbing of Ukrainian woman in North Carolina charged with federal crime | Charge for Decarlos B Jr, accused of killing Iryna Zarutska in apparent random attack on train, could carry death penalty",news,21.467642120565984,398,133,0.96,2025-09-10T05:51:39+00:00,1757483499.0,https://www.theguardian.com/us-news/2025/sep/09/north-carolina-ukraine-woman-stabbing,Face2FaceRecs,False,False,False
58,1ncnvoa,"The U.S. is losing thousands of manufacturing jobs, analysis finds",technology,21.331026440756315,5057,157,0.98,2025-09-09T16:38:42+00:00,1757435922.0,https://www.cbsnews.com/news/jobs-manufacturing-trump-tariffs-economy/,idkbruh653,False,False,False
59,1nbq9hr,"Four hikers on magic mushrooms, one with ‘debilitating high’, rescued in New York",news,21.287338952759413,4718,482,0.95,2025-09-08T15:07:34+00:00,1757344054.0,https://www.theguardian.com/us-news/2025/sep/08/new-york-hikers-mushrooms-rescued,NewSlinger,False,False,False
60,1ncl73g,Trump calls Epstein birthday letter a 'dead issue',politics,20.990719520052615,2284,397,0.96,2025-09-09T14:57:26+00:00,1757429846.0,https://www.nbcnews.com/politics/donald-trump/trump-calls-epstein-birthday-letter-dead-issue-rcna230042,nbcnews,False,False,False
61,1nctiua,"Putin Does Not Vacation and Sleeps Only a Few Hours a Day, Kremlin Says",worldnews,20.841685790157573,1320,370,0.87,2025-09-09T20:05:02+00:00,1757448302.0,https://www.themoscowtimes.com/2025/09/09/putin-does-not-vacation-and-sleeps-only-a-few-hours-a-day-kremlin-says-a90478,nohup_me,False,False,False
62,1nbg42q,BREAKING - Tom Phillips' missing children found alive,news,20.584428113023687,7301,232,0.97,2025-09-08T06:14:39+00:00,1757312079.0,https://www.times.co.nz/news/breaking-tom-phillips-missing-children-found-alive/,Tisarwat,False,False,False
63,1ncqr8o,Jeffrey Epstein’s 50th birthday book – in pictures,politics,20.06100427699727,2292,210,0.99,2025-09-09T18:24:38+00:00,1757442278.0,https://www.theguardian.com/us-news/gallery/2025/sep/09/jeffrey-epstein-birthday-book-in-pictures,black_flag_4ever,False,False,False
64,1nd701g,"Federal investigation homes in on pool deck, early warning signs in Surfside collapse",news,19.95522143374452,10,3,1.0,2025-09-10T06:42:07+00:00,1757486527.0,https://www.nbcmiami.com/news/local/federal-investigation-homes-in-on-pool-deck-and-early-warning-signs-in-collapse-of-champlain-towers-south/3689000/,Dangerous-Pound-1357,False,False,False
65,1nd23tj,‘Most preposterous lie imaginable’: Analyst slams GOP denial of Trump’s signature on lewd Epstein card,politics,19.532554935507925,776,56,0.99,2025-09-10T02:12:08+00:00,1757470328.0,https://www.msnbc.com/the-weeknight/watch/-most-preposterous-lie-imaginable-analyst-slams-gop-denial-of-trump-s-signature-on-lewd-epstein-card-247246917942,muchnycrunchny,False,False,False
66,1nd200n,Let’s block everything: protesters plan to ‘pull the brake’ on France,news,19.494401719853943,579,98,0.95,2025-09-10T02:07:03+00:00,1757470023.0,https://www.thetimes.com/world/europe/article/france-protest-general-strike-z6gzms09t,romainguimard,False,False,False
67,1ncrbkx,House Oversight Member: ‘Lots of Reasons’ to Believe Trump Involved in Epstein’s Crimes,politics,19.429845848509906,3105,97,0.99,2025-09-09T18:45:24+00:00,1757443524.0,https://www.thedailybeast.com/house-oversight-member-lots-of-reasons-to-believe-trump-involved-in-epsteins-crimes/,NewSlinger,False,False,False
68,1nd6ail,"'It’s blood money, people are dying': Peter Navarro slams X again over India’s Russian oil buys",india,19.421352660854534,39,13,0.96,2025-09-10T05:57:54+00:00,1757483874.0,https://m.economictimes.com/industry/energy/oil-gas/its-blood-money-people-are-dying-peter-navarro-slams-x-again-over-indias-russian-oil-buys/articleshow/123767712.cms,AutomaticRoll1092,False,False,False
69,1nctdfy,"HHS Asks All Employees to Start Using ChatGPT | Employees received an email with the subject line “AI Deployment,” which told them that ChatGPT would be rolled out for all employees at the agency. The deployment is being overseen by a former Palantir employee, who’s now Chief Information Officer.",technology,19.27957000611162,1991,152,0.96,2025-09-09T19:59:46+00:00,1757447986.0,https://www.404media.co/hhs-asks-all-employees-to-start-using-chatgpt/,Aggravating_Money992,False,False,False
70,1nb8etu,Tom Phillips dead after four-year manhunt; two children yet to be located,news,19.22086796749653,4976,305,0.97,2025-09-07T23:37:07+00:00,1757288227.0,https://www.nzherald.co.nz/nz/police-give-update-after-person-shot-dead-mayor-suspects-link-to-tom-phillips-hunt/7FRJ7SXDK5HL5EFHE3SOOTN6RM/,wildusername,False,False,False
71,1nd4b7e,"/r/WorldNews Live Thread: Russian Invasion of Ukraine Day 1294, Part 1 (Thread #1441)",worldnews,19.137056533353814,192,31,0.97,2025-09-10T04:02:38+00:00,1757476958.0,https://www.reddit.com/live/18hnzysb1elcs,WorldNewsMods,False,True,False
72,1nd5l7l,US Doubles Tariffs on Indian Tyre Imports to 50%,india,18.99847271608112,85,8,0.95,2025-09-10T05:14:51+00:00,1757481291.0,https://www.autocarpro.in/news/us-doubles-tariffs-on-indian-tyre-imports-to-50-128401?amp=1,xperia3310,False,False,False
73,1ncu37h,Australia to force porn websites to check users’ ages under new internet rules,technology,18.964554006788354,861,220,0.93,2025-09-09T20:26:00+00:00,1757449560.0,https://www.crikey.com.au/2025/09/09/porn-websites-legally-check-user-age-australia-teen-social-media-ban/,vriska1,False,False,False
74,1nbxm7r,New Banksy mural of a judge beating a protester to be removed from outside London court,news,18.83830630368016,6030,202,0.97,2025-09-08T19:39:48+00:00,1757360388.0,https://apnews.com/article/banksy-mural-london-royal-courts-justice-c08b2cef093ea6a0520302eacfbd871f,AnOopsieDaisy,False,False,False
75,1ncqk0x,"ICE Karen Sparks Major Backlash After Saying She Tipped Off Feds in Hyundai Raid | 
The MAGA candidate has been accused of undermining President Trump’s economic agenda and causing an international incident.",politics,18.790411935621442,1446,200,0.97,2025-09-09T18:17:17+00:00,1757441837.0,https://www.thedailybeast.com/candidate-tori-branum-sparks-major-backlash-after-saying-she-tipped-off-feds-in-hyundai-raid/,Murky-Site7468,False,False,False
76,1nd4s8e,"Caught accepting bribe on road, policeman throws money in air in Delhi, passersby flee with Rs 5,000 cash",india,18.66773512898169,48,3,0.96,2025-09-10T04:28:39+00:00,1757478519.0,https://indianexpress.com/article/cities/delhi/caught-accepting-bribe-on-road-policeman-throws-money-in-air-in-delhi-passersby-flee-with-rs-5000-cash-10240551/lite/,shubz_gadget_reviews,False,False,False
77,1ncfpbm,"Putin told White House he plans to seize Donbas by end of 2025, Zelensky says",worldnews,18.611291524176146,4904,151,0.97,2025-09-09T10:56:39+00:00,1757415399.0,https://kyivindependent.com/putin-told-white-house-he-plans-to-seize-donbas-by-end-of-2025-zelensky-says/,truimansyas,False,False,False
78,1nc4lfs,"Man killed roommate for not bringing drugs to football watch party, officials say",news,18.608528947652,4910,267,0.97,2025-09-09T00:24:35+00:00,1757377475.0,https://www.mysuncoast.com/2025/09/08/man-killed-roommate-not-bringing-drugs-football-watch-party-officials-say/,Romano16,False,False,False
79,1ncuzwp,Trump admin spends millions to reopen private California prison,news,18.579513350457557,1904,73,0.97,2025-09-09T21:00:23+00:00,1757451623.0,https://www.sfgate.com/centralcalifornia/article/trump-admin-reopen-private-california-prison-21037836.php,grepto,False,False,False
80,1ncs90j,"In Disturbing Move, Trump’s DOJ Demands Voting Data From States",politics,18.571991059540828,1733,134,0.97,2025-09-09T19:19:04+00:00,1757445544.0,https://newrepublic.com/post/200204/donald-trump-doj-demands-voting-data-states,thenewrepublic,False,False,False
81,1nd2j72,"Trump says India, U.S. continue trade talks, expects to speak with ‘dear friend’ Modi soon",india,18.571618279457994,150,45,0.96,2025-09-10T02:33:01+00:00,1757471581.0,https://www.thehindu.com/news/national/trump-says-india-us-continue-trade-talks-expects-to-speak-with-dear-friend-modi-soon/article70032310.ece,buymekoffee,False,False,False
82,1nchnf7,"With Looming CBS Hire Of Bari Weiss, Two Of The Four Major U.S. Networks Will Now Be Right Wing Propaganda Mills",technology,18.560478271448762,4068,168,0.96,2025-09-09T12:33:24+00:00,1757421204.0,https://www.techdirt.com/2025/09/09/with-looming-cbs-hire-of-bari-weiss-two-of-the-four-major-u-s-networks-will-now-be-right-wing-propaganda-mills/,chrisdh79,False,False,False
83,1ncei9d,"Trump’s Claim Birthday Book Signature Is ‘Fake’ Crumbles | 
As always, the internet has the receipts.",politics,18.549116981266156,4675,184,0.99,2025-09-09T09:45:02+00:00,1757411102.0,https://www.thedailybeast.com/trumps-claim-birthday-book-signature-is-fake-crumbles/,Murky-Site7468,False,False,False
84,1nd3wu3,Koala chlamydia: Australia approves vaccine to curb killer epidemic,worldnews,18.521337093363922,150,15,0.95,2025-09-10T03:42:01+00:00,1757475721.0,https://www.bbc.com/news/articles/cwylp71vnjgo,AllicinCarbonUV,False,False,False
85,1ncm9ij,Microsoft mandates a return to office. Three days in the office will soon be the new norm for Microsoft employees.,technology,18.511954384411005,1899,239,0.95,2025-09-09T15:38:01+00:00,1757432281.0,https://www.theverge.com/report/774414/microsoft-return-to-office-policy-announcement,indig0sixalpha,False,False,False
86,1nd53l6,Uttarakhand Gym Trainer Murder Case: Six Cops Booked On Court Orders After A Year,india,18.37273698439193,17,4,0.92,2025-09-10T04:46:20+00:00,1757479580.0,https://www.etvbharat.com/en/!state/uttarakhand-gym-trainer-murder-case-six-cops-booked-on-court-orders-after-a-year-enn25090802267,mondegreen__,False,False,False
87,1nd5ubn,Rajasthan Assembly Passes Anti-Conversion Bill With Life Imprisonment Provision,india,18.235110541972976,18,1,0.88,2025-09-10T05:30:09+00:00,1757482209.0,https://www.ndtv.com/india-news/rajasthan-assembly-passes-anti-conversion-bill-with-life-imprisonment-provision-9246620,one_brown_jedi,False,False,False
88,1ncsfxm,"52
‘Yield, man’: Speaker Johnson presses Democratic-run cities to accept troop deployments",politics,18.191610148319988,641,211,0.93,2025-09-09T19:26:04+00:00,1757445964.0,https://www.msnbc.com/rachel-maddow-show/maddowblog/yield-man-speaker-johnson-presses-democratic-run-cities-accept-troop-d-rcna230146,newfrontier58,False,False,False
89,1ncp2sx,Panicked Trump Dodges Question About His Epstein Letter Defense Falling Apart,politics,18.100466239752514,2291,110,0.98,2025-09-09T17:23:00+00:00,1757438580.0,https://www.thedailybeast.com/panicked-donald-trump-dodges-question-about-his-jeffrey-epstein-letter-defense-falling-apart/,Aggravating_Money992,False,False,False
90,1nd0jl9,Democrat Walkinshaw wins special congressional election where Trump loomed large,politics,18.06825095894054,658,26,0.95,2025-09-10T00:58:19+00:00,1757465899.0,https://www.foxnews.com/politics/democrat-walkinshaw-wins-special-congressional-election-where-trump-loomed-large,BobW212,False,False,False
91,1nd57cd,"More Children Are Obese Than Underweight, Says UNICEF",india,18.059710622396523,7,1,0.89,2025-09-10T04:52:08+00:00,1757479928.0,https://www.ndtv.com/world-news/more-children-are-obese-than-underweight-says-unicef-9248185,VCardBGone,False,False,False
92,1ncw5el,"Supreme Court again gives no explanation in ruling for Trump, this time on immigration",politics,17.969725720834006,855,84,0.97,2025-09-09T21:46:23+00:00,1757454383.0,https://www.nbcnews.com/politics/supreme-court/supreme-court-gives-no-explanation-ruling-trump-time-immigration-rcna229832,nbcnews,False,False,False
93,1nd2m9x,Brand-new Thar crashes out of Delhi showroom after buyer accidentally hits the accelerator,india,17.915475344069343,41,12,0.95,2025-09-10T02:37:13+00:00,1757471833.0,https://indianexpress.com/article/cities/delhi/couple-buys-thar-vehicle-darts-out-of-first-floor-showroom-10239920/,bhodrolok,False,False,False
94,1nd3efu,'Complicit in genocide': Two opposition parties condemn India signing trade agreement with Israel,india,17.8986113318172,110,85,0.81,2025-09-10T03:15:37+00:00,1757474137.0,https://www.newindianexpress.com/nation/2025/Sep/09/complicit-in-genocide-opposition-parties-condemn-india-signing-trade-agreement-with-israel-amid-war-on-gaza,sharedevaaste,False,False,False
95,1nchc6p,Gen Z women have most unfavorable view of Donald Trump: poll,politics,17.814005967129653,1881,274,0.97,2025-09-09T12:19:15+00:00,1757420355.0,https://www.newsweek.com/donald-trump-poll-gen-z-women-2126872,Capable_Salt_SD,False,False,False
96,1ncjwqt,Israel carries out strike on senior Hamas leaders in Qatari capital - BBC News,news,17.765640824158506,1231,293,0.93,2025-09-09T14:07:41+00:00,1757426861.0,https://www.bbc.com/news/live/c78m71vl91vt,APsauce,False,False,False
97,1nd2jyp,Paper reports child hunger crisis in Iran as students faint from lack of breakfast,worldnews,17.553177716935732,181,13,0.9,2025-09-10T02:34:06+00:00,1757471646.0,https://www.iranintl.com/en/202508212206,NoAnt6694,False,False,False
98,1ncxayt,The president doth protest too much: Trump’s denial on Epstein is backfiring,politics,17.457538044361247,717,28,0.98,2025-09-09T22:34:15+00:00,1757457255.0,https://www.theguardian.com/us-news/2025/sep/09/trump-response-epstein-files,drtolmn69,False,False,False
99,1ncejsl,"Nepal Parliament breached, building set on fire by Gen Z protesters | Watch",worldnews,17.422944918392275,3017,238,0.97,2025-09-09T09:47:41+00:00,1757411261.0,https://www.hindustantimes.com/world-news/nepal-protests-parliament-breached-building-on-fire-gen-z-protesters-video-kp-sharma-oli-resigns-latest-news-101757408296199.html,OwnBird4876,False,False,False
100,1ncmu8g,"Ghislaine Maxwell Lawyer Makes Stunning Quid Pro Quo Confession - Arthur Aidala, who represented Jeffrey Epstein accomplice Ghislaine Maxwell, admitted the truth about Maxwell’s prison transfer.",politics,17.365334523710988,2679,64,0.99,2025-09-09T15:59:41+00:00,1757433581.0,https://newrepublic.com/post/200178/ghislaine-maxwell-lawyer-quid-pro-quo,Quirkie,False,False,False
101,1ncvxxk,"As Incriminating Evidence Mounts, Trump Calls Epstein 'A Dead Issue'",politics,17.266579364080815,716,56,0.96,2025-09-09T21:37:59+00:00,1757453879.0,https://www.huffpost.com/entry/trump-epstein-dead-issue_n_68c07fa0e4b059d8ed360fea?utm_medium=Social&utm_source=reddit&utm_campaign=us_main,huffpost,False,False,False
102,1ncfp7s,Trump’s attempt to fire FTC Democrat gets a boost from Supreme Court | John Roberts issuing stay means FTC Democrat has to leave her post again.,technology,17.175084303597263,3270,169,0.97,2025-09-09T10:56:29+00:00,1757415389.0,https://arstechnica.com/tech-policy/2025/09/supreme-court-chief-justice-lets-trump-fire-ftc-democrat-at-least-for-now/,chrisdh79,False,False,False
103,1ncot88,"'End This White House Cover-Up': House Dems Pounce on Latest Trump-Epstein Bombshell | ""All of this is so disturbing and so disgusting,"" said Rep. Greg Landsman.",politics,17.146613819147667,1989,70,0.98,2025-09-09T17:13:09+00:00,1757437989.0,https://www.commondreams.org/news/trump-epstein-birthday-card,Face2FaceRecs,False,False,False
104,1ncsx2z,"Supreme Court Justice Sonia Sotomayor says the power of change lies with the people, not the courts",politics,17.12271524132719,544,114,0.96,2025-09-09T19:43:22+00:00,1757447002.0,https://www.cbsnews.com/news/supreme-court-justice-sonia-sotomayor-new-book/,RioMovieFan11,False,False,False
105,1nch3v6,Trump Relative Says It's 'Definitely' His Signature On Epstein Birthday Note,politics,17.07966261348779,3540,94,0.99,2025-09-09T12:08:16+00:00,1757419696.0,https://www.huffpost.com/entry/mary-trump-signature-definitely-donald-trump-epstein-note_n_68bfebb8e4b0b1033ef94d2c,NewSlinger,False,False,False
106,1ncrgup,Trump Admin Returns Russian Dissident Asylum Seekers to Putin,politics,17.079212859329505,814,103,0.98,2025-09-09T18:50:42+00:00,1757443842.0,https://talkingpointsmemo.com/news/trump-admin-returns-russian-dissident-asylum-seekers-to-putin,Bongobhondu,False,False,False
107,1nd3n9l,Twist in Sunjay Kapur family saga: Why Karisma Kapoor's children have moved Delhi High Court,india,17.036177567843964,8,5,0.84,2025-09-10T03:28:21+00:00,1757474901.0,https://theprint.in/judiciary/twist-in-sunjay-kapur-family-saga-why-karisma-kapoors-children-have-moved-delhi-high-court/2739521/,YellaKuttu,False,False,False
108,1ncqjeu,SCOTUS Says ICE Can Use The Family Guy Skin Color Chart For Arrests (But Won’t Explain Why),politics,17.02277760202782,1471,75,0.97,2025-09-09T18:16:41+00:00,1757441801.0,https://www.techdirt.com/2025/09/09/scotus-says-ice-can-use-the-family-guy-skin-color-chart-for-arrests-but-wont-explain-why/,StraightedgexLiberal,False,False,False
109,1nd10yq,Unregistered Posts in IndiaPost = Will rarely get delivered,india,16.954132244578723,51,23,0.89,2025-09-10T01:21:01+00:00,1757467261.0,https://www.reddit.com/r/india/comments/1nd10yq/unregistered_posts_in_indiapost_will_rarely_get/,faps_in_greyhound,True,False,False
110,1nblv4o,"French anesthetist Frédéric Pechier, accused of poisoning 30 patients, 12 of whom died, in a twisted bid to show off his resuscitation skills, goes on trial Monday",news,16.909948878315646,4970,144,0.97,2025-09-08T12:03:58+00:00,1757333038.0,https://www.france24.com/en/france/20250908-french-doctor-accused-of-poisoning-patients-to-show-off-resuscitation-skills-goes-on-trial,NewSlinger,False,False,False
111,1ncite9,Hamas claims responsibility for shooting that killed six people in Jerusalem.,worldnews,16.89393820664263,2579,170,0.91,2025-09-09T13:23:25+00:00,1757424205.0,https://news.sky.com/story/hamas-claims-responsibility-for-shooting-that-killed-six-people-in-jerusalem-13427506,bendubberley_,False,False,False
112,1ncgk5u,Israeli military issues full evacuation order for all of Gaza City,worldnews,16.85861704242477,793,360,0.89,2025-09-09T11:41:54+00:00,1757418114.0,https://abcnews.go.com/International/israeli-military-issues-full-evacuation-order-gaza-city/story?id=125387489,Efficient-Ruin-4713,False,False,False
113,1nb9x4k,Erin Patterson sentenced to life with 33 years non-parole for mushroom murders,news,16.78609779804988,4367,172,0.98,2025-09-08T00:47:34+00:00,1757292454.0,https://www.abc.net.au/news/2025-09-08/live-updates-erin-patterson-sentence-mushroom-murders/105734146,new_handle,False,False,False
114,1ncrfg8,Ford recalling almost 1.5 million vehicles in US due to rear view camera issue,news,16.78518086097262,788,99,0.96,2025-09-09T18:49:17+00:00,1757443757.0,https://apnews.com/article/ford-recall-camera-ec62fd3e5ddf8b90d8c03a7f114023d4,Least_Gain5147,False,False,False
115,1ncya1y,"US greenlit Qatar op. where Hamas leadership was targeted, Israeli officials tell 'Post'",worldnews,16.735824165552387,270,46,0.9,2025-09-09T23:15:06+00:00,1757459706.0,https://www.jpost.com/israel-news/defense-news/article-866908,newsspotter,False,False,False
116,1ncyig7,Abducted Israeli-Russian researcher Elizabeth Tsurkov freed in Iraq,worldnews,16.584049407152833,290,22,0.91,2025-09-09T23:25:20+00:00,1757460320.0,https://www.bbc.co.uk/news/articles/cx2xydl9pdjo,pppppppppppppppppd,False,False,False
117,1ncqsgh,German Forces Seize Cargo Ship Suspected of Launching Russian Spy Drone,worldnews,16.418867122392058,1656,8,0.98,2025-09-09T18:25:50+00:00,1757442350.0,https://united24media.com/latest-news/german-forces-seize-cargo-ship-suspected-of-launching-russian-spy-drone-11512,jackytheblade,False,False,False
118,1ncnccr,AI is not just ending entry-level jobs. It's the end of the career ladder as we know it,technology,16.266770482176387,1022,182,0.87,2025-09-09T16:18:14+00:00,1757434694.0,https://www.cnbc.com/2025/09/07/ai-entry-level-jobs-hiring-careers.html,lurker_bee,False,False,False
119,1nd3d6z,Indian Stock Markets Struggle to Lure Back Foreign Investors,india,16.17730321498912,7,1,0.77,2025-09-10T03:13:52+00:00,1757474032.0,https://www.bloomberg.com/news/articles/2025-09-10/india-market-buzz-it-outlook-brightens-pharma-still-in-woods,bloomberg,False,False,False
120,1nd3lwg,AI Darwin Awards launch to celebrate spectacularly bad deployments,technology,16.15589371407684,13,0,0.76,2025-09-10T03:26:21+00:00,1757474781.0,https://www.theregister.com/2025/09/09/ai_darwin_awards/?td=rt-3a,Logical_Welder3467,False,False,False
121,1ncvia7,AI in schools: St. Paul teacher says it's 'like bringing a forklift to the gym',technology,16.143429478176387,260,61,0.9,2025-09-09T21:20:22+00:00,1757452822.0,https://www.mprnews.org/episode/2025/09/09/ai-in-schools-st-paul-teacher-says-its-like-bringing-a-forklift-to-the-gym,ubcstaffer123,False,False,False
122,1ncy3qt,LTV: 841 Russians will have to leave Latvia within a month,worldnews,16.136490253555642,115,5,0.92,2025-09-09T23:07:38+00:00,1757459258.0,https://eng.lsm.lv/article/society/society/08.09.2025-ltv-841-russians-will-have-to-leave-latvia-within-a-month.a613410,WillyNilly1997,False,False,False
123,1ncfu31,"Mamdani Holds Huge Lead in Mayor’s Race, Times/Siena Poll Finds",politics,15.978721514163622,1514,202,0.98,2025-09-09T11:03:44+00:00,1757415824.0,https://www.nytimes.com/2025/09/09/nyregion/mayor-poll-mamdani-cuomo.html,TimeIsPower,False,False,False
124,1ncu3hs,"Scientists from Tufts create weight-loss drug dubbed 'next Ozempic' that's twice as effective and has fewer side effects (affects not only GLP-1 and GIP, but also glucagon and peptide YY)",technology,15.977112417787293,269,47,0.94,2025-09-09T20:26:20+00:00,1757449580.0,https://www.unilad.com/news/next-ozempic-fewer-side-effects-472242-20250909,upyoars,False,False,False
125,1nczvz1,China's MGI data mining tech touts world's fastest gene sequencer: 10 minutes to read a genome and process more than 14 terabases of genomic data a day,technology,15.936829459433218,21,1,0.86,2025-09-10T00:27:33+00:00,1757464053.0,https://www.yahoo.com/news/articles/chinas-mgi-tech-touts-worlds-093000321.html,upyoars,False,False,False
126,1ncjt7j,Nepal's parliament set on fire after PM resigns over anti-corruption protests,news,15.829654706303575,1973,71,0.98,2025-09-09T14:03:50+00:00,1757426630.0,https://www.bbc.com/news/live/c741n80ndlxt,maynifique,False,False,False
127,1ncya9y,"Israel told US military of plan to strike Hamas, but didn't say where: US official",worldnews,15.77622559290609,156,29,0.84,2025-09-09T23:15:22+00:00,1757459722.0,https://abcnews.go.com/Politics/israel-told-us-military-plan-strike-hamas-us/story?id=125413197,newsspotter,False,False,False
128,1ncrx9y,"Suspected arson triggers Berlin blackout, 40,000 homes and businesses without electricity",worldnews,15.698306675527181,545,32,0.96,2025-09-09T19:07:08+00:00,1757444828.0,https://tvpworld.com/88818837/suspected-arson-attack-triggers-berlin-blackout,aigavemeptsd,False,False,False
129,1ncgzvi,Eric Trump Gives Desperate Defense of His Dad‘s Epstein Drawing,politics,15.47407129057978,1444,157,0.96,2025-09-09T12:03:04+00:00,1757419384.0,https://www.thedailybeast.com/eric-trump-gives-desperate-defense-of-his-dads-epstein-drawing/,Capable_Salt_SD,False,False,False
130,1nc1sal,Murdochs reach deal in succession battle over media empire,news,15.430190101334308,2657,215,0.96,2025-09-08T22:22:33+00:00,1757370153.0,https://www.bbc.com/news/articles/cn825x71g4do,Gloomy_Course7396,False,False,False
131,1ncjht8,‘ Pure terrorism' — At least 24 killed in Russian air strike on Ukrainian village during pension payouts,worldnews,15.415129153607731,2374,26,0.97,2025-09-09T13:51:29+00:00,1757425889.0,https://kyivindependent.com/russian-air-strike-on-donetsk-oblast-village-kills-over-20/,Ask4MD,False,False,False
132,1ncpaf9,Joseph Kony case in The Hague begins with accounts of alleged atrocities,worldnews,15.358648730498597,406,65,0.96,2025-09-09T17:30:56+00:00,1757439056.0,https://www.theguardian.com/world/2025/sep/09/joseph-kony-icc-hearing-the-hague-alleged-atrocities,InfoBot2000,False,False,False
133,1ncnvlo,Germany to Fund Thousands of Long-Range Drones for Ukraine in New Deep-Strike Program,worldnews,15.227175489779784,1238,14,0.97,2025-09-09T16:38:37+00:00,1757435917.0,https://united24media.com/latest-news/germany-to-fund-thousands-of-long-range-drones-for-ukraine-in-new-deep-strike-program-11510,Silly-avocatoe,False,False,False
134,1ncec0n,Explosions Deep in Russia’s Heartland Destroy Gas Pipelines Supplying Kremlin Forces in Ukraine,worldnews,15.163703674854462,3376,47,0.99,2025-09-09T09:33:43+00:00,1757410423.0,https://www.kyivpost.com/post/59734,Velvetmeadowe,False,False,False
135,1nchuoj,Trump’s presidency is a cash grab,politics,15.155967152943116,1674,85,0.98,2025-09-09T12:42:34+00:00,1757421754.0,https://www.vox.com/politics/460757/trump-crypto-presidency-profits-corruption,ChiGuy6124,False,False,False
136,1ncwyds,Ridge Racer Brought the Arcade Racing Experience Home 30 Years Ago Today,technology,15.14940888625107,51,13,0.85,2025-09-09T22:19:21+00:00,1757456361.0,https://www.thedrive.com/news/ridge-racer-brought-the-arcade-racing-experience-home-30-years-ago-today,DonkeyFuel,False,False,False
137,1ncy34x,Apple’s newest health-tracking features are coming to older watches,technology,15.082679581307657,40,7,0.82,2025-09-09T23:06:57+00:00,1757459217.0,https://www.theverge.com/news/775200/apple-watch-series-9-hypertension-sleep-score-wrist-flick,serene_sketch,False,False,False
138,1ncro2d,NEET 2025 Students at Risk: UP DGME Warning Sparks Fear of Second Fee Hike Despite Court Case,india,15.044418846060076,3,2,1.0,2025-09-09T18:58:04+00:00,1757444284.0,https://www.reddit.com/r/india/comments/1ncro2d/neet_2025_students_at_risk_up_dgme_warning_sparks/,Pihuuu1810,True,False,False
139,1ncf0zc,Musicians keep leaving Spotify in protest of CEO's defense investments,technology,14.944559755080627,2140,121,0.96,2025-09-09T10:17:12+00:00,1757413032.0,https://www.npr.org/2025/09/09/nx-s1-5522297/musicians-leaving-spotify-protest-hotline-tnt-king-gizzard-and-the-lizard-wizard,SingleandSober,False,False,False
140,1nck2ew,Hyundai-LG immigration raid sparks alarm at foreign companies in the US -- Multinationals with foreign employees pause travel and seek legal advice after detentions at Georgia factory,technology,14.881290608611408,644,117,0.95,2025-09-09T14:13:54+00:00,1757427234.0,https://www.ft.com/content/f236cf29-c4d2-4f5a-adb4-8a49fc2fe748,marketrent,False,False,False
141,1ncn8fc,US Taxpayers Will Pay Billions in New Fossil Fuel Subsidies Thanks to the Big Beautiful Bill,politics,14.653375177386494,572,41,0.96,2025-09-09T16:14:05+00:00,1757434445.0,https://www.wired.com/story/us-taxpayers-will-pay-billions-in-new-fossil-fuel-subsidies-thanks-to-the-big-beautiful-bill/,wiredmagazine,False,False,False
142,1ncwcmz,Ford recalling almost 1.5 million vehicles in US due to rear view camera issue,technology,14.599671204296156,31,9,0.82,2025-09-09T21:54:37+00:00,1757454877.0,https://apnews.com/article/ford-recall-camera-ec62fd3e5ddf8b90d8c03a7f114023d4,Shogouki,False,False,False
143,1ncsv0j,Latvia provides €5m for NATO and US initiative for Ukraine,worldnews,14.594486763023465,148,9,0.9,2025-09-09T19:41:13+00:00,1757446873.0,https://www.pravda.com.ua/eng/news/2025/09/9/7530068/,Professional_Toe5131,False,False,False
144,1ncduab,Nepal Prime Minister KP Sharma Oli resigns after violent Gen Z protests,worldnews,14.588026432659024,1930,155,0.95,2025-09-09T09:01:30+00:00,1757408490.0,https://www.india.com/news/world/nepal-prime-minister-kp-sharma-oli-resigns-after-violent-gen-z-protests-facebook-instagram-twitter-snapchat-8063704/,DistinctAttention323,False,False,False
145,1ncqd24,Macron names ally Sébastien Lecornu as new French PM,worldnews,14.476372374604274,188,42,0.9,2025-09-09T18:10:13+00:00,1757441413.0,https://www.bbc.com/news/articles/crmenp1k0mjo,Astroblemes,False,False,False
146,1ncjpby,Workers say corporate South Korea was warned about questionable U.S. visas before Hyundai raid,worldnews,14.42392787608373,351,155,0.89,2025-09-09T13:59:49+00:00,1757426389.0,"https://www.japantimes.co.jp/business/2025/09/09/companies/hyundai-us-visa-raid-warning/#:~:text=Workers%20say%20corporate%20South%20Korea,rules%20under%20previous%20American%20administrations.",lqIpI,False,False,False
147,1ncrxpb,Boris Johnson under pressure to explain how private office follows funding rules,worldnews,14.380452005261496,112,6,0.91,2025-09-09T19:07:33+00:00,1757444853.0,https://www.theguardian.com/uk-news/2025/sep/09/boris-johnson-under-pressure-to-explain-how-private-office-follows-funding-rules,Tanzfinity_UK,False,False,False
148,1ncpqmj,Qatar says security force member killed in Israel attack on Doha,worldnews,14.3765251421944,256,90,0.83,2025-09-09T17:47:33+00:00,1757440053.0,https://gulfnews.com/world/gulf/qatar/qatar-says-security-force-member-killed-in-israel-attack-on-doha-2-1.500263108,hushasmoh,False,False,False
149,1ncdqpp,Palantir cofounder on the US taking a stake in Intel: 'The whole thing is very weird',technology,14.361844444783896,2555,90,0.96,2025-09-09T08:55:17+00:00,1757408117.0,https://www.businessinsider.com/palantir-cofounder-joe-lonsdale-us-intel-stake-cronyism-2025-9,Logical_Welder3467,False,False,False
150,1nck6a5,US tech companies enabled the surveillance and detention of hundreds of thousands in China,news,14.361254593426523,1178,47,0.94,2025-09-09T14:18:03+00:00,1757427483.0,https://apnews.com/article/chinese-surveillance-silicon-valley-uyghurs-tech-xinjiang-8e000601dadb6aea230f18170ed54e88,Scooba06,False,False,False
151,1ncipix,"Google hints it may ""soon"" make AI Mode the default in Search",technology,14.23814349543755,307,200,0.84,2025-09-09T13:18:52+00:00,1757423932.0,https://www.techspot.com/news/109388-google-hints-may-soon-make-ai-mode-default.html,AdSpecialist6598,False,False,False
152,1ncu0uv,China drills for oil in rival's economic waters,worldnews,14.22273855904507,98,29,0.81,2025-09-09T20:23:31+00:00,1757449411.0,https://www.newsweek.com/china-drills-oil-taiwan-economic-waters-2126948?utm_source=reddit&utm_campaign=reddit_influencers,Newsweek_CarloV,False,False,False
153,1ncnl4o,I need to double check my idea about simple Indian cooking techniques,india,14.156165466146419,3,13,1.0,2025-09-09T16:27:29+00:00,1757435249.0,https://www.reddit.com/r/india/comments/1ncnl4o/i_need_to_double_check_my_idea_about_simple/,OLebta,True,False,False
154,1ncmn2j,iPhone buyers in India prefer non-Pro models and 128GB storage: Croma report,india,14.081309868693134,194,39,0.96,2025-09-09T15:52:13+00:00,1757433133.0,https://indianexpress.com/article/technology/iphone-buyers-in-india-prefer-non-pro-models-and-128gb-storage-croma-report-10238944/,JuneV06,False,False,False
155,1ncr4nw,I read global research on social entrepreneurship and realized why Western solutions fail in India,india,14.04153856534453,8,4,0.91,2025-09-09T18:38:23+00:00,1757443103.0,https://www.reddit.com/r/india/comments/1ncr4nw/i_read_global_research_on_social_entrepreneurship/,mohityadavx,True,False,False
156,1ncp1o1,"Massive Leak Shows How a Chinese Company Is Exporting the Great Firewall to the World | Geedge Networks, a company with ties to the founder of China’s mass censorship infrastructure, is selling its censorship and surveillance systems to at least four other countries in Asia and Africa",technology,13.924569673455094,325,10,0.91,2025-09-09T17:21:53+00:00,1757438513.0,https://www.wired.com/story/geedge-networks-mass-censorship-leak/,Hrmbee,False,False,False
157,1ncghft,Mandelson called Epstein 'best pal' in birthday message,politics,13.887010906401564,882,85,0.98,2025-09-09T11:37:59+00:00,1757417879.0,https://www.bbc.com/news/articles/cwy9dwe50leo,Efficient-Ruin-4713,False,False,False
158,1nbmosy,A decades-long peace vigil outside the White House is dismantled after Trump's order,news,13.849222958965893,2582,103,0.97,2025-09-08T12:42:34+00:00,1757335354.0,https://apnews.com/article/white-house-peace-vigil-trump-f9b4c8e3d81e7b1e2d4625f726d89bc2,MerryGoWrong,False,False,False
159,1ncsuoi,US says strike on Doha 'does not advance Israel's goals',worldnews,13.745204942963914,114,92,0.7,2025-09-09T19:40:54+00:00,1757446854.0,https://www.bbc.com/news/articles/cx25711r8jxo,Crossstoney,False,False,False
160,1ncdjz5,"PwC is cutting 200 entry-level positions as artificial intelligence reshapes the workplace, leaving many Gen Z graduates facing greater challenges in launching their careers.",technology,13.72309084859658,1679,122,0.95,2025-09-09T08:42:25+00:00,1757407345.0,https://fortune.com/2025/09/08/pwc-uk-chief-cutting-entry-level-junior-gen-z-jobs-ai-economic-headwinds-like-amazon-salesforce/,MetaKnowing,False,False,False
161,1nctwt7,"As hackers exploit one high-severity SAP flaw, company warns of 3 more | Users of SAP's S/4HANA and NetWeaver products are at risk and should patch soon",technology,13.68981361334583,40,5,0.8,2025-09-09T20:19:18+00:00,1757449158.0,https://arstechnica.com/security/2025/09/as-hackers-exploit-one-high-severity-sap-flaw-company-warns-of-3-more/,Hrmbee,False,False,False
162,1ncpf0t,"India, EU push to close gaps in trade talks as year-end deadline looms",india,13.649898120426144,9,0,0.92,2025-09-09T17:35:41+00:00,1757439341.0,https://www.reuters.com/world/india/india-eu-push-close-gaps-trade-talks-year-end-deadline-looms-2025-09-09/,Particular_Chef_333,False,False,False
163,1nc5i0c,"Archdiocese agrees to $230M settlement in clergy sex abuse case, attorneys say",news,13.552196797511835,1936,129,0.97,2025-09-09T01:06:30+00:00,1757379990.0,https://abcnews.go.com/US/wireStory/new-orleans-archdiocese-agrees-230-million-settlement-clergy-125381349,NewSlinger,False,False,False
164,1nciv1h,Governor: New Mexico to provide universal access to child care,politics,13.547841835406892,526,35,0.98,2025-09-09T13:25:19+00:00,1757424319.0,https://www.santafenewmexican.com/news/local_news/governor-new-mexico-to-provide-universal-access-to-child-care/article_1a991c8e-70ed-45e9-bbdb-9b5e602d625a.html,Infidel8,False,False,False
165,1nco52r,Have you heard of Korla Pandit? He was a celebrity in the USA in the 50s-70s. He was also the first person in the world to have a Music program on tv. Reason you guys do not know of him is because he was not actually Indian but a black American pretending to be Indian(details in post).,india,13.547593348322106,21,1,0.94,2025-09-09T16:48:18+00:00,1757436498.0,https://www.reddit.com/r/india/comments/1nco52r/have_you_heard_of_korla_pandit_he_was_a_celebrity/,GB1987IS,True,False,False
166,1ncpe46,My father is against me learning financial knowledge.,india,13.489694475570996,79,68,0.8,2025-09-09T17:34:48+00:00,1757439288.0,https://www.reddit.com/r/india/comments/1ncpe46/my_father_is_against_me_learning_financial/,GrimBreeze,True,False,False
167,1ncr9fg,"CP Radhakrishnan, RSS-BJP veteran now India's Vice President: 5 points on his life and career",india,13.471605037977104,19,3,0.85,2025-09-09T18:43:08+00:00,1757443388.0,https://www.hindustantimes.com/india-news/maharashtra-governor-2-term-mp-5-points-about-cp-radhakrishnan-ndas-v-p-pick-101757315415511.html,one_brown_jedi,False,False,False
168,1ncfw0l,"RTI Reveals PM Modi’s 12-Hour Saudi Trip Cost ₹15.54 Crore, ₹10 Crore on Hotels Alone",india,13.443222564886566,952,141,0.87,2025-09-09T11:06:36+00:00,1757415996.0,https://theobserverpost.com/rti-reveals-pm-modis-12-hour-saudi-trip-cost-%E2%82%B915-54-crore-%E2%82%B910-crore-on-hotels-alone/,TheIndianRevolution2,False,False,False
169,1nd3brq,[ Removed by Reddit ],news,13.441732108786153,0,0,0.5,2025-09-10T03:11:51+00:00,1757473911.0,https://www.reddit.com/r/news/comments/1nd3brq/removed_by_reddit/,Responsible-Kale-904,True,False,False
170,1ncisi7,Poland closing border before zapad upcoming military exercise between Belarus and Russia,news,13.404651878316054,656,31,0.96,2025-09-09T13:22:21+00:00,1757424141.0,https://www.reuters.com/world/europe/poland-closing-belarus-border-due-zapad-military-exercises-pm-says-2025-09-09/,mateusz11120,False,False,False
171,1ncnyj2,"Protect Arctic from 'dangerous' climate engineering, scientists warn",worldnews,13.401336158791732,104,9,0.91,2025-09-09T16:41:34+00:00,1757436094.0,https://www.bbc.com/news/articles/c5yqw996q1ko,Amazing-Marzipan3191,False,False,False
172,1nbmx0r,Rick Davies: Supertramp singer and co-writer dies at 81,news,13.397478362224893,2049,117,0.96,2025-09-08T12:52:40+00:00,1757335960.0,https://www.bbc.com/news/articles/cp98zg2k2xko,EnergyLantern,False,False,False
173,1nchg8r,A worker died in my neighborhood. This is the deplorable condition of workers in India.,india,13.375181253574214,685,41,0.98,2025-09-09T12:24:22+00:00,1757420662.0,https://www.reddit.com/r/india/comments/1nchg8r/a_worker_died_in_my_neighborhood_this_is_the/,Humming_098,True,False,False
174,1ncok9y,Canadians in Nepal urged to use caution amid deadly anti-corruption protests,worldnews,13.357117464611814,105,9,0.89,2025-09-09T17:03:51+00:00,1757437431.0,https://www.ctvnews.ca/canada/article/canadians-in-nepal-urged-to-use-caution-amid-deadly-anti-corruption-protests/,CTVNEWS,False,False,False
175,1ncoqqq,"Chat Control Must Be Stopped, Act Now!",technology,13.195992558518554,125,0,0.88,2025-09-09T17:10:37+00:00,1757437837.0,https://www.privacyguides.org/articles/2025/09/08/chat-control-must-be-stopped/#websites-with-more-information,SaveDnet-FRed0,False,False,False
176,1nd68x7,Switch to Indian Brands: Go #VocalForLocal in 2025!,india,13.176604864977925,0,21,0.33,2025-09-10T05:55:11+00:00,1757483711.0,https://www.reddit.com/r/india/comments/1nd68x7/switch_to_indian_brands_go_vocalforlocal_in_2025/,SavvySaiyanGains,True,False,False
177,1ncjhkv,Planned an Islamic India by 2047: Chargesheet in Chhangur religious conversion case,india,13.172402253519977,513,74,0.87,2025-09-09T13:51:12+00:00,1757425872.0,https://www.indiatoday.in/india/story/planned-an-islamic-india-by-2047-chargesheet-in-chhangur-religious-conversion-case-2783320-2025-09-07,Due_Cod_2167,False,False,False
178,1ncn4ds,U.S. tech giants helped build China's surveillance state,technology,13.17016984682226,162,4,0.91,2025-09-09T16:09:56+00:00,1757434196.0,https://www.yahoo.com/news/articles/ap-uncovered-us-big-techs-041210115.html,Alarming_Economics_2,False,False,False
179,1ncn6rq,Brutal Russian strike on Yarova in Donetsk region kills elderly and post office workers,worldnews,13.143097267491571,216,11,0.89,2025-09-09T16:12:21+00:00,1757434341.0,https://newsukraine.rbc.ua/news/brutal-russian-strike-on-yarova-in-donetsk-1757423930.html,hety0p,False,False,False
180,1nciwwp,‘Waiting for Indian Americans who voted for Trump to…’: Ro Khanna’s stern message amid 50% tariff ‘sabotage’,india,13.095972476774909,227,38,0.96,2025-09-09T13:27:28+00:00,1757424448.0,https://www.financialexpress.com/world-news/us-news/waiting-for-indian-americans-who-voted-for-trump-to-ro-khannas-stern-message-amid-50-tariff-sabotage/3964492/,1-randomonium,False,False,False
181,1ncrffu,"Apple adds hypertension and sleep-quality monitoring to Watch Ultra 3, Series 11 | $799 Ultra Watch 3 will debut alongside the Watch Series 11 and Watch SE 3.",technology,13.003353403672484,49,35,0.75,2025-09-09T18:49:16+00:00,1757443756.0,https://arstechnica.com/gadgets/2025/09/apple-adds-hypertension-and-sleep-quality-monitoring-to-watch-ultra-3-series-11/,ControlCAD,False,False,False
182,1nctbt8,Worst Courier Company Award goes to DTDC,india,12.946081871073895,2,1,0.75,2025-09-09T19:58:07+00:00,1757447887.0,https://www.reddit.com/r/india/comments/1nctbt8/worst_courier_company_award_goes_to_dtdc/,Frequent-Mud-3424,True,False,False
183,1ncf9lt,US Open Tells Broadcasters Not To Broadcast Trump Being Booed At The US Open,technology,12.896166709424575,1242,57,0.93,2025-09-09T10:31:19+00:00,1757413879.0,https://www.techdirt.com/2025/09/08/us-open-tells-broadcasters-not-to-broadcast-trump-being-booed-at-the-us-open/,chrisdh79,False,False,False
184,1ncjrpx,"Twenty-three killed in Russian strike on pension queue, Ukraine says",worldnews,12.875253824191685,402,14,0.93,2025-09-09T14:02:15+00:00,1757426535.0,https://www.bbc.com/news/articles/c1jz08j8313o,cealild,False,False,False
185,1ncg8vn,Trump Lets Bosses Grab $400 Billion in Worker Pay,politics,12.87469881673658,761,36,0.97,2025-09-09T11:25:40+00:00,1757417140.0,https://prospect.org/labor/2025-09-09-trump-lets-bosses-grab-400-billion-worker-pay-noncompete-agreements/,Smithy2232,False,False,False
186,1ncmixv,"Amnesty says Pakistan spying on millions through phone-tapping, firewall",worldnews,12.864176687508062,152,8,0.89,2025-09-09T15:47:55+00:00,1757432875.0,https://www.reuters.com/world/asia-pacific/amnesty-says-pakistan-spying-millions-through-phone-tapping-firewall-2025-09-09/,thatshirtman,False,False,False
187,1ncqb1p,US tech companies enabled the surveillance and detention of hundreds of thousands in China,technology,12.8417042657815,59,1,0.81,2025-09-09T18:08:11+00:00,1757441291.0,https://apnews.com/article/chinese-surveillance-silicon-valley-uyghurs-tech-xinjiang-8e000601dadb6aea230f18170ed54e88?utm_source=onesignal&utm_medium=push&utm_campaign=2025-09-09-AP+Investigation,down_a_mountain,False,False,False
188,1ncofac,In Conversation- T.N. Seshan,india,12.818597198440978,5,2,0.86,2025-09-09T16:58:51+00:00,1757437131.0,https://www.youtube.com/watch?v=kAqWYM3ydGA,SwatCatsDext,False,False,False
189,1nceipn,Post office showed me what Digital India has become.,india,12.777241921618595,894,75,0.96,2025-09-09T09:45:48+00:00,1757411148.0,https://www.reddit.com/r/india/comments/1nceipn/post_office_showed_me_what_digital_india_has/,kaustubhamokashi,True,False,False
190,1ncj43h,Scientists create solar cells that generate energy from indoor light at record efficiency,technology,12.755607260738518,271,21,0.94,2025-09-09T13:35:44+00:00,1757424944.0,https://www.techspot.com/news/109369-scientists-create-solar-cells-generate-energy-indoor-light.html,chrisdh79,False,False,False
191,1ncmnfa,"Nintendo secures $2 million settlement against U.S.-based Switch modder — Modded Hardware creator Ryan Michael Daly agreed to stop selling backup devices, but continued to, prompting lawsuit | Also perma-banned from ""reverse engineering"" Nintendo systems or linking to related materials.",technology,12.72697760051716,57,24,0.86,2025-09-09T15:52:33+00:00,1757433153.0,https://www.tomshardware.com/video-games/nintendo-secures-settlement-against-switch-modder-who-represented-himself-in-court,ControlCAD,False,False,False
192,1nco0oa,Trump EPA seeks to speed up permitting for AI infrastructure,technology,12.542322023926694,87,5,0.83,2025-09-09T16:43:51+00:00,1757436231.0,https://www.reuters.com/legal/litigation/trump-epa-seeks-speed-up-permitting-ai-infrastructure-2025-09-09/?utm_source=chatgpt.com,Recent_Path_3023,False,False,False
193,1ncnrt4,New dual-light 3D printing method combines soft and hard materials in a single object,technology,12.538943984976092,22,0,0.85,2025-09-09T16:34:34+00:00,1757435674.0,https://www.techspot.com/news/108510-new-dual-light-3d-printing-method-combines-soft.html,prime_nommer,False,False,False
194,1nckqk5,"Governments Weaponize Google, Facebook Ads for Propaganda",technology,12.529211165724515,133,5,0.91,2025-09-09T14:39:54+00:00,1757428794.0,https://www.webpronews.com/governments-weaponize-google-facebook-ads-for-propaganda/,Wagamaga,False,False,False
195,1ncqbps,"France, Spain, UK condemn Israel’s attack in Qatar",worldnews,12.521989946833461,102,80,0.66,2025-09-09T18:08:53+00:00,1757441333.0,https://www.politico.eu/article/uk-un-condemn-israeli-attack-on-qatari-soil/,upthetruth1,False,False,False
196,1ncr6gs,"Need advice: Toxic boss making my life hell, stuck in a dilemma",india,12.435579895120329,4,3,0.75,2025-09-09T18:40:11+00:00,1757443211.0,https://www.reddit.com/r/india/comments/1ncr6gs/need_advice_toxic_boss_making_my_life_hell_stuck/,Leonardo2708,True,False,False
197,1nciyi2,"Russian forces are once again focusing on hitting Ukraine's energy infrastructure, Zelensky says",worldnews,12.38051505355189,269,5,0.93,2025-09-09T13:29:24+00:00,1757424564.0,https://kyivindependent.com/russia-concentrating-attacks-on-ukraines-energy-sector-zelensky-says/,AdSpecialist6598,False,False,False
198,1ncklal,China's CATL launches new sodium-ion battery brand,technology,12.359775289900005,34,17,0.89,2025-09-09T14:34:20+00:00,1757428460.0,https://www.reuters.com/technology/chinese-battery-maker-catl-launches-second-generation-fast-charging-battery-2025-04-21/,Projectrage,False,False,False
199,1ncjofx,World’s first nuclear-powered LNG carrier receives approval in South Korea,technology,12.355809623797146,75,24,0.9,2025-09-09T13:58:49+00:00,1757426329.0,https://interestingengineering.com/energy/worlds-first-nuclear-powered-lng-carrier,self-fix,False,False,False
200,1nclp1u,"Retired HC judge S. Muralidhar slams judiciary’s “institutional amnesia” on Babri demolition, says consequences of demolition continue to unfold",india,12.352194628049059,90,13,0.86,2025-09-09T15:16:20+00:00,1757430980.0,https://maktoobmedia.com/india/retired-hc-judge-s-muralidhar-slams-judiciarys-institutional-amnesia-on-babri-demolition-says-consequences-of-demolition-continue-to-unfold/,mondegreen__,False,False,False
201,1ncecbg,Epstein birthday letter 'with Trump's signature' released by dead paedophile's estate,politics,12.30114735034326,733,45,0.98,2025-09-09T09:34:18+00:00,1757410458.0,https://inews.co.uk/news/epstein-lawyers-reveal-signed-birthday-letter-that-trump-denied-3906547,theipaper,False,False,False
202,1ncibr3,Carney government noncommittal about Canada meeting 2030 climate goals,worldnews,12.276526101622737,111,78,0.85,2025-09-09T13:02:43+00:00,1757422963.0,https://www.thecanadianpressnews.ca/national/carney-government-noncommittal-about-canada-meeting-2030-climate-goals/article_87f7949e-db76-510f-a319-0eda10ec3bc2.html,thecanadianpressnews,False,False,False
203,1naxnr9,Legal aid group sues to pre-emptively block U.S. from deporting a dozen Honduran children,news,12.17355299401822,1973,37,0.96,2025-09-07T16:26:56+00:00,1757262416.0,https://www.nbcnews.com/news/us-news/legal-aid-group-sues-preemptively-block-us-deporting-dozen-honduran-ch-rcna229630,CupidStunt13,False,False,False
204,1nclvrx,NPCI to increase UPI transaction limits for high value payments from Sept 15,india,12.159277431919968,22,1,0.86,2025-09-09T15:23:26+00:00,1757431406.0,https://www.businesstoday.in/personal-finance/banking/story/npci-to-increase-upi-transaction-limits-for-high-value-payments-from-sept-15-check-updated-limits-493278-2025-09-09,VCardBGone,False,False,False
205,1nco87y,"Do skills really matter in India’s job market, or is degree everything?",india,12.027786059797116,7,13,0.77,2025-09-09T16:51:36+00:00,1757436696.0,https://www.reddit.com/r/india/comments/1nco87y/do_skills_really_matter_in_indias_job_market_or/,monkey-d-luffy-14,True,False,False
206,1nci972,Umar Khalid is not an exception. The leopards will eat your face too,india,12.000082696676577,346,43,0.85,2025-09-09T13:00:00+00:00,1757422800.0,https://theprint.in/opinion/umar-khalid-is-not-an-exception-the-leopards-will-eat-your-face-too/2738785/,TikkaTrailblazer,False,False,False
207,1ncsjvg,The Internet Coup: A Technical Analysis on How a Chinese Company is Exporting The Great Firewall to Autocratic Regimes - InterSecLab,technology,11.943763861166884,9,0,0.67,2025-09-09T19:30:00+00:00,1757446200.0,https://interseclab.org/research/the-internet-coup/,0xggus,False,False,False
208,1nchrp0,Automakers asked to display GST price posters at all dealerships,india,11.882995307998836,73,9,0.93,2025-09-09T12:38:45+00:00,1757421525.0,https://www.business-standard.com/industry/auto/automakers-asked-to-display-gst-price-posters-at-all-dealerships-125090801065_1.html,bhodrolok,False,False,False
209,1nbwa8l,"Nineteen killed in Nepal in 'Gen Z' protest over social media ban, corruption | Reuters",news,11.854577947281077,1748,31,0.96,2025-09-08T18:50:03+00:00,1757357403.0,https://www.reuters.com/business/media-telecom/nineteen-killed-nepal-gen-z-protest-over-social-media-ban-corruption-2025-09-08/,aurmza,False,False,False
210,1nckn63,"Former WhatsApp security boss in lawsuit likens Meta’s culture to a “cult”. Lawsuit recites a litany of purported security and privacy flaws that Meta not only didn’t fix after becoming aware of them, but also kept secret.",technology,11.707397737063465,81,2,0.84,2025-09-09T14:36:18+00:00,1757428578.0,https://arstechnica.com/security/2025/09/former-whatsapp-security-boss-sues-meta-for-systemic-cybersecurity-failures/,cos,False,False,False
211,1nccssf,Oil depot ablaze in Russia’s Belgorod Oblast after drone attack,worldnews,11.702095708133317,1215,26,0.97,2025-09-09T07:49:42+00:00,1757404182.0,https://www.pravda.com.ua/eng/news/2025/09/9/7529965/,truimansyas,False,False,False
212,1ncfk75,Support Group For Bullet-Cracker Warriors,india,11.638732892237671,12,1,1.0,2025-09-09T10:48:22+00:00,1757414902.0,https://www.reddit.com/r/india/comments/1ncfk75/support_group_for_bulletcracker_warriors/,Due-Worldliness4634,True,False,False
213,1ncgxhh,Principle of non-violent parenting enshrined in Swiss law,worldnews,11.585515434871283,127,17,0.91,2025-09-09T12:00:10+00:00,1757419210.0,https://www.swissinfo.ch/eng/various/the-principle-of-non-violent-parenting-is-enshrined-in-law/89971669,BezugssystemCH1903,False,False,False
214,1ncm0ux,US tech companies enabled the surveillance and detention of hundreds of thousands in China,technology,11.522218586416738,46,1,0.79,2025-09-09T15:28:55+00:00,1757431735.0,https://apnews.com/article/chinese-surveillance-silicon-valley-uyghurs-tech-xinjiang-8e000601dadb6aea230f18170ed54e88,rezwenn,False,False,False
215,1ncgq5j,"Poland closing Belarus border due to Zapad excercises, PM says",worldnews,11.496427375155365,218,2,0.92,2025-09-09T11:50:17+00:00,1757418617.0,https://www.yahoo.com/news/articles/poland-closing-belarus-border-due-114438835.html,kalbinibirak,False,False,False
216,1ncl0m5,Should I give up ?,india,11.471142733981578,6,5,0.81,2025-09-09T14:50:29+00:00,1757429429.0,https://www.reddit.com/r/india/comments/1ncl0m5/should_i_give_up/,Minimum_Marketing_20,True,False,False
217,1ncfoio,Leaked files show a Chinese company is exporting the Great Firewall’s censorship technology,worldnews,11.358646899127192,218,19,0.92,2025-09-09T10:55:24+00:00,1757415324.0,https://www.theglobeandmail.com/world/article-leaked-files-show-a-chinese-company-is-exporting-the-great-firewalls/,Street_Anon,False,False,False
218,1nc4fln,Salmonella outbreak linked to home delivery meals sickens over a dozen people,news,11.313147760362167,963,43,0.97,2025-09-09T00:17:20+00:00,1757377040.0,https://www.denver7.com/life/recalls/salmonella-outbreak-linked-to-home-delivery-meals-sickens-over-a-dozen-people,AudibleNod,False,False,False
219,1ncbvgl,François Bayrou ousted as French PM after losing confidence vote,news,11.265513085105216,751,62,0.96,2025-09-09T06:49:40+00:00,1757400580.0,https://www.theguardian.com/world/2025/sep/08/francois-bayrou-ousted-as-french-pm-after-losing-confidence-vote,Superbuddhapunk,False,False,False
220,1nbilv2,"Several killed in Jerusalem bus station shooting, police say",news,11.210535522370158,723,151,0.83,2025-09-08T08:55:44+00:00,1757321744.0,https://abcnews.go.com/International/deadly-jerusalem-bus-station-shooting-police/story?id=125353564,A-CommonMan,False,False,False
221,1nccq9g,Trump's Epstein friendship will define his presidency - and bring more damage,politics,11.202059474339872,515,51,0.96,2025-09-09T07:44:59+00:00,1757403899.0,https://inews.co.uk/news/world/trumps-epstein-friendship-define-his-presidency-crisis-could-finish-him-3906615,theipaper,False,False,False
222,1ncj205,Trump aide Peter Navarro again rants about ‘Maharajah of Tariffs’ India: ‘Won’t end well if...’,india,11.187674031920137,15,1,0.84,2025-09-09T13:33:22+00:00,1757424802.0,https://www.livemint.com/news/us-news/trump-aide-peter-navarro-again-rants-against-maharajah-of-tariffs-india-won-t-end-well-if-11757404524390.html,1-randomonium,False,False,False
223,1ncee9x,Burden of Trump tariffs,india,11.138674463666487,2,1,1.0,2025-09-09T09:37:51+00:00,1757410671.0,https://www.indiatoday.in/magazine/cover-story/story/20250915-burden-of-trump-tariffs-2782282-2025-09-05,1-randomonium,False,False,False
224,1ncf7mn,Atleast 60 people killed in overnight attack by Islamic State-affiliated rebel group in eastern Congo,worldnews,11.12784556020998,248,21,0.91,2025-09-09T10:27:58+00:00,1757413678.0,https://www.thehindu.com/news/international/several-killed-injured-in-overnight-rebel-attack-in-eastern-congo-updates/article70029167.ece,PrithvinathReddy,False,False,False
225,1nceq44,"Afghanistan quake destroyed 5,230 homes in 49 villages — but the UN hasn't gotten to 362 others",news,11.12616706949381,372,19,0.92,2025-09-09T09:58:57+00:00,1757411937.0,https://apnews.com/article/un-afghanistan-earthquake-destruction-damage-funding-de0062cec36ce51612da311f95615cba,rohanad1986,False,False,False
226,1ncg5bd,Police say man killed retired Auburn University professor at a public park,news,11.123966871253625,86,7,0.91,2025-09-09T11:20:26+00:00,1757416826.0,https://www.cnn.com/2025/09/09/us/auburn-retired-professor-killed-park-hnk,AmcDarkPool,False,False,False
227,1nci782,Atlassian's move to cloud-only means customers face integration issues and more,technology,11.06478100141316,53,7,0.84,2025-09-09T12:57:38+00:00,1757422658.0,https://www.theregister.com/2025/09/09/atlassian_will_go_cloudonly_customers/,Logical_Welder3467,False,False,False
228,1ncetbg,Spain Moves to Ban Smoking in Football Stadiums and Bar Terraces,worldnews,10.955483757510805,186,25,0.91,2025-09-09T10:04:09+00:00,1757412249.0,https://www.bloomberg.com/news/articles/2025-09-09/spain-moves-to-ban-smoking-in-football-stadiums-and-bar-terraces?sref=4OaaL8PX,bloomberg,False,False,False
229,1ncd16n,Epstein Pals Spilled Sick Secrets in 238-Page Birthday Book,politics,10.938533784360152,522,15,0.97,2025-09-09T08:05:48+00:00,1757405148.0,https://www.thedailybeast.com/jeffrey-epstein-friends-spilled-sick-secrets-in-238-page-50th-birthday-book/,Content-Word-7673,False,False,False
230,1ncpfgy,Apple announces AirPods Pro 3 with ‘world’s best ANC’ and heart rate sensing | The AirPods Pro 3 will ship on September 19th for $249.,technology,10.903001514310503,15,31,0.6,2025-09-09T17:36:08+00:00,1757439368.0,https://www.theverge.com/news/772410/apple-airpods-pro-3-release-date-pricing-announcement,ControlCAD,False,False,False
231,1nce5z2,"Mangaluru: Woman killed after falling into pothole, run over by truck in Kulur",india,10.70483779785443,98,6,0.95,2025-09-09T09:22:45+00:00,1757409765.0,https://www.daijiworld.com/news/newsDisplay?newsID=1291713,rhyform,False,False,False
232,1nce744,Thailand's former PM Thaksin Shinawatra to serve 1-year prison term for previous convictions,news,10.607932876159214,184,6,0.93,2025-09-09T09:24:46+00:00,1757409886.0,https://apnews.com/article/thailand-thaksin-shinawatra-prison-graft-abuse-power-ea2a6b9772e45fe6be035b20f5adfa7a?utm_source=reddit.com&utm_medium=referral&utm_campaign=post,APnews,False,False,False
233,1ncdrw5,Nepal reverses social media ban as protests turn deadly,technology,10.487506616203017,278,18,0.91,2025-09-09T08:57:28+00:00,1757408248.0,https://techcrunch.com/2025/09/08/nepal-reverses-social-media-ban-as-protests-turn-deadly/,Logical_Welder3467,False,False,False
234,1nceup7,RANT : I was coming back home from coaching and saw 5 accidents within 40 minutes span,india,10.444652863666319,9,1,0.91,2025-09-09T10:06:28+00:00,1757412388.0,https://www.reddit.com/r/india/comments/1nceup7/rant_i_was_coming_back_home_from_coaching_and_saw/,Mundane-Health-7494,True,False,False
235,1nci86l,Nuclearn gets $10.5M to help the nuclear industry embrace AI,technology,10.333239721918504,42,26,0.74,2025-09-09T12:58:46+00:00,1757422726.0,https://techcrunch.com/2025/09/09/nuclearn-gets-10-5m-to-help-the-nuclear-industry-embrace-ai/,Logical_Welder3467,False,False,False
236,1ncinjl,"US steps back from joint efforts to combat misinformation, FT reports",technology,10.322586856349456,23,4,0.76,2025-09-09T13:16:37+00:00,1757423797.0,https://kyivindependent.com/us-steps-back-from-joint-efforts-to-combat-misinformation-ft-reports/,Wagamaga,False,False,False
237,1nccttg,"GST 2.0’s bumpy ride: Stuck with old stock, car dealers face Rs 2,500 crore loss in cess",india,10.024820673371195,38,7,0.95,2025-09-09T07:51:43+00:00,1757404303.0,https://indianexpress.com/article/business/gst-rollout-car-dealers-old-stock-loss-10238894/,SuccessfulHumanClone,False,False,False
238,1nceps6,"Punjab CM Mann indisposed, Kejriwal tours flood-hit areas without him",india,10.023248333215298,15,3,0.87,2025-09-09T09:58:22+00:00,1757411902.0,https://www.newindianexpress.com/nation/2025/Sep/04/punjab-cm-mann-indisposed-kejriwal-tours-flood-hit-areas-without-him,1-randomonium,False,False,False
239,1nbndu1,Slain journalist Dylan Lyons' fiancée is expecting their child via surrogate two years after his death,news,9.805634486100459,404,48,0.87,2025-09-08T13:12:43+00:00,1757337163.0,https://www.nbcnews.com/news/us-news/slain-journalist-dylan-lyons-fiancee-expecting-child-surrogate-two-yea-rcna229541,Face2FaceRecs,False,False,False
240,1nccvt3,Technically the most poor and unequal nation with the most misleading statistics on the planet.,india,9.794055957010919,186,90,0.79,2025-09-09T07:55:43+00:00,1757404543.0,https://www.reddit.com/r/india/comments/1nccvt3/technically_the_most_poor_and_unequal_nation_with/,Formal-Career-5568,True,False,False
241,1ncqaiy,Looking For Online/Remote A-Level Maths Tutor,india,9.662565442119483,0,0,0.5,2025-09-09T18:07:39+00:00,1757441259.0,https://www.reddit.com/r/india/comments/1ncqaiy/looking_for_onlineremote_alevel_maths_tutor/,No_Lavishness_3910,True,False,False
242,1ncgkub,Right idea': Zelensky on Trump slapping tariff on India for buying Russian oil,india,9.37688392128297,14,5,0.73,2025-09-09T11:42:55+00:00,1757418175.0,https://www.hindustantimes.com/world-news/ukraines-zelensky-reacts-to-modi-putin-sco-summit-bonhomie-i-think-us-tariff-is-right-idea-101757302419310.html,xperia3310,False,False,False
243,1ncqwv6,From Lower Middle Class Gujarati Family to Owning Office & Homes – My Journey,india,9.077927007672768,0,4,0.42,2025-09-09T18:30:25+00:00,1757442625.0,https://www.reddit.com/r/india/comments/1ncqwv6/from_lower_middle_class_gujarati_family_to_owning/,Impossible_Record386,True,False,False
244,1ncj3hn,"Robotaxis, Robots, and Hope Are Tesla's Plan To Become $8.5 Trillion Company: TDS",technology,8.94957651126591,8,12,0.6,2025-09-09T13:35:03+00:00,1757424903.0,https://www.thedrive.com/news/robotaxis-robots-and-hope-are-teslas-plan-to-become-8-5-trillion-company-tds,Exciting_Teacher6258,False,False,False
245,1nce7vx,"‘Will you leave US for China?’ It depends, mathematician Terence Tao says",technology,8.883419571757583,52,76,0.67,2025-09-09T09:26:14+00:00,1757409974.0,https://www.scmp.com/news/china/science/article/3323325/will-you-leave-us-china-it-depends-says-mathematician-terence-tao,Mammoth-Heat5702,False,False,False
246,1ncgfia,Why Censor? | Nope w/ Kunal Kamra ft Honey Trehan | 035,india,8.842513637886556,5,0,0.69,2025-09-09T11:35:13+00:00,1757417713.0,https://youtu.be/G0sfUsFFHgI?si=b__rTPch_BY-6TMR,sidroy81,False,False,False
247,1ncdpsy,"I Hate My Friend | The chatbot-enabled Friend necklace eavesdrops on your life and provides a running commentary that’s snarky and unhelpful. Worse, it can also make the people around you uneasy.",technology,8.549377846110936,47,27,0.73,2025-09-09T08:53:29+00:00,1757408009.0,https://www.wired.com/story/i-hate-my-ai-friend/,MetaKnowing,False,False,False
248,1ncei6n,"'Punjab is struggling with floods, this gentleman is touring Malaysia': AAP's Anurag Dhanda hits out at Rahul Gandhi",india,6.543318395993604,0,26,0.5,2025-09-09T09:44:53+00:00,1757411093.0,https://timesofindia.indiatimes.com/india/punjab-is-struggling-with-floods-this-gentleman-is-touring-malaysia-aaps-anurag-dhanda-hits-out-at-rahul-gandhi/articleshow/123760063.cms,1-randomonium,False,False,False
249,1ncgdn9,Ethnic wear in Indian workplaces is being sidelined by western formals – but can it make a comeback?,india,5.41835247915652,0,0,0.35,2025-09-09T11:32:29+00:00,1757417549.0,https://www.reddit.com/r/india/comments/1ncgdn9/ethnic_wear_in_indian_workplaces_is_being/,anhadfashions,True,False,False
250,1ncdcv6,"Who gains when GST slabs change overnight? Politicians get headlines, consumers get crumbs, stockists get losses.",india,3.681872133780469,0,10,0.29,2025-09-09T08:28:13+00:00,1757406493.0,https://www.reddit.com/r/india/comments/1ncdcv6/who_gains_when_gst_slabs_change_overnight/,Oppyhead,True,False,False
